repository,repository_name,url,isFork,commits,branches,defaultBranch,releases,contributors,license,watchers,stargazers,forks,size,createdAt,pushedAt,updatedAt,homepage,mainLanguage,totalIssues,openIssues,totalPullRequests,openPullRequests,lastCommit,lastCommitSHA
airbnb/javascript,javascript,https://github.com/airbnb/javascript.git,false,1953,5,master,0,408,MIT License,3838,134114,25522,3663,2012-11-01T11:13:50,2023-05-15T09:29:30,2023-05-19T05:54:25,,JavaScript,1248,93,1426,66,2023-05-15T05:21:09,0f3ca32323b8d5770de3301036e65511c6d18e00
d3/d3,d3,https://github.com/d3/d3.git,false,4355,26,main,192,120,ISC License,3743,105024,23302,42392,2010-09-27T05:22:42,2023-04-01T02:43:09,2023-04-16T02:33:22,https://d3js.org,JavaScript,2140,6,1114,0,2023-04-01T02:43:00,37b1960e0af52d12bc7bbea2ed932ea954c36d14
hakimel/reveal.js,reveal.js,https://github.com/hakimel/reveal.js.git,false,2968,4,master,40,295,MIT License,1691,63869,16533,21203,2011-06-07T06:54:22,2023-05-31T07:07:43,2023-06-06T09:31:33,https://revealjs.com,JavaScript,2242,655,1011,86,2023-05-31T07:07:10,227f90fa008c3c840c310a5583f426f3121dbf3d
expressjs/express,express,https://github.com/expressjs/express.git,false,5771,8,master,147,275,MIT License,1722,60765,10452,9138,2009-06-26T06:56:01,2023-05-01T01:24:56,2023-05-06T03:24:32,https://expressjs.com,JavaScript,3731,110,1153,54,2023-02-26T06:34:32,0debedf4f31bb20203da0534719b9b10d6ac9a29
chartjs/chart.js,chart.js,https://github.com/chartjs/chart.js.git,false,4437,7,master,102,428,MIT License,1372,60525,11842,42299,2013-03-17T11:56:36,2023-05-05T06:57:44,2023-05-09T09:56:03,https://www.chartjs.org/,JavaScript,6808,238,3689,12,2023-04-28T05:18:20,83ba8fd77689645d0f915a6c8b4881b882be5276
jquery/jquery,jquery,https://github.com/jquery/jquery.git,false,6612,5,main,6,290,MIT License,3225,57415,20764,32151,2009-04-03T03:20:14,2023-04-18T09:43:48,2023-04-26T07:20:55,https://jquery.com,JavaScript,2242,66,2843,16,2023-04-04T10:34:39,89ef81f86f8f371154e9fd3173be5fb57cb72d5e
h5bp/html5-boilerplate,html5-boilerplate,https://github.com/h5bp/html5-boilerplate.git,false,2459,5,main,32,245,MIT License,2560,54369,12210,22577,2010-01-24T06:03:24,2023-05-05T09:07:40,2023-05-09T09:53:07,https://html5boilerplate.com/,JavaScript,1302,3,1582,4,2023-05-01T05:58:30,6b6bd4f841878b7f70c73356b87fcb0c10a5b078
semantic-org/semantic-ui,semantic-ui,https://github.com/semantic-org/semantic-ui.git,false,6747,34,master,154,184,MIT License,1320,50606,5099,113116,2013-04-08T11:32:04,2023-05-30T03:47:02,2023-06-06T07:54:48,http://www.semantic-ui.com,JavaScript,6209,957,878,112,2023-01-11T05:05:32,47acaa0ce4c8dcde6c76080483cf8a3566576770
meteor/meteor,meteor,https://github.com/meteor/meteor.git,false,33602,1544,devel,0,369,Other,1577,43434,5230,119893,2012-01-19T01:58:17,2023-04-14T10:23:09,2023-04-17T06:45:12,https://meteor.com,JavaScript,8859,181,3508,50,2023-04-04T12:21:59,d61036dd9d6e86db69a77ed668ce0c88937ad3d9
nwjs/nw.js,nw.js,https://github.com/nwjs/nw.js.git,false,4951,92,nw75,0,108,MIT License,1600,39574,3951,129290,2012-01-04T06:21:10,2023-04-27T05:23:51,2023-05-01T08:56:11,https://nwjs.io,JavaScript,7190,856,824,12,2023-04-27T05:23:40,25f89d17a8886776e3de62ae2f4a931ed13bf2de
unitech/pm2,pm2,https://github.com/unitech/pm2.git,false,4998,11,master,120,255,Other,663,39151,2540,13026,2013-05-21T03:25:25,2023-05-25T07:20:02,2023-05-31T05:56:27,https://pm2.keymetrics.io/docs/usage/quick-start/,JavaScript,4744,745,856,33,2023-04-13T07:48:44,311c53298448fc4575fc689c4943692a664373ad
hexojs/hexo,hexo,https://github.com/hexojs/hexo.git,false,3589,5,master,108,166,MIT License,824,36700,4471,7569,2012-09-23T03:17:08,2023-05-01T02:30:54,2023-05-06T02:59:16,https://hexo.io,JavaScript,3840,73,1144,8,2023-05-01T02:30:53,8b95bbc722e5c77a7e8125441ed64d2ea3524ac0
quilljs/quill,quill,https://github.com/quilljs/quill.git,false,5369,18,develop,82,126,BSD 3-Clause New or Revised License,472,35870,3041,15439,2012-07-30T11:23:18,2023-05-24T05:45:54,2023-05-31T05:54:07,https://quilljs.com,JavaScript,3186,1258,579,80,2023-05-22T03:34:22,1a14922928749b607d95cf4fbbc37323209d2715
videojs/video.js,video.js,https://github.com/videojs/video.js.git,false,3941,14,main,284,378,Other,1282,35404,7348,127168,2010-05-14T06:45:10,2023-04-23T04:44:09,2023-04-26T05:11:51,https://videojs.com,JavaScript,5009,397,2995,21,2023-04-11T07:30:18,1491d71b26a407111104dde7dbbbc0ee49b4c0c8
nolimits4web/swiper,swiper,https://github.com/nolimits4web/swiper.git,false,3404,8,master,43,252,MIT License,698,35174,9720,78531,2012-03-14T07:11:45,2023-05-15T12:07:45,2023-05-19T03:03:17,https://swiperjs.com,JavaScript,4927,186,782,6,2023-05-15T12:07:43,a8fc1df867d7e2a7afe80f4ef51753bc0e7652d3
alvarotrigo/fullpage.js,fullpage.js,https://github.com/alvarotrigo/fullpage.js.git,false,2155,8,master,88,131,GNU General Public License v3.0,850,34614,7437,16804,2013-09-20T11:58:29,2023-05-30T11:25:50,2023-06-06T03:12:37,http://alvarotrigo.com/fullPage/,JavaScript,4008,159,509,21,2023-05-29T02:30:19,3201d4afdd675056b73f70c3eee14a89f8dafd76
photonstorm/phaser,phaser,https://github.com/photonstorm/phaser.git,false,18802,7,master,139,380,MIT License,1245,34570,6985,371532,2013-04-12T12:27:51,2023-05-31T01:03:20,2023-06-06T09:28:34,https://phaser.io,JavaScript,4132,96,2253,15,2023-04-19T04:58:52,8c44dffcc7b5e1cfff92c22cfa639068c5f0cdd0
koajs/koa,koa,https://github.com/koajs/koa.git,false,1184,7,master,0,208,MIT License,836,34039,3296,3423,2013-07-20T06:53:45,2023-05-17T04:54:34,2023-05-29T09:13:54,https://koajs.com,JavaScript,887,38,815,20,2023-05-17T07:50:49,dbf4b8f41286befd53dfd802740f2021441435bf
markedjs/marked,marked,https://github.com/markedjs/marked.git,false,2974,2,master,90,151,Other,392,29579,3318,9095,2011-07-24T01:15:51,2023-04-24T05:11:14,2023-05-01T04:04:57,https://marked.js.org,JavaScript,1317,32,1391,6,2023-04-24T05:11:13,95ecb30041e54b3035acd1f37234702de7a3e15f
jashkenas/backbone,backbone,https://github.com/jashkenas/backbone.git,false,3454,4,master,0,286,MIT License,1311,27974,5564,27144,2010-09-30T07:41:28,2023-01-04T03:06:39,2023-01-20T08:19:46,http://backbonejs.org,JavaScript,2397,45,1849,26,2023-01-04T11:09:21,7af28186411755cd6c12d6cc716142fb1aeff0b0
webtorrent/webtorrent,webtorrent,https://github.com/webtorrent/webtorrent.git,false,3311,10,master,105,159,MIT License,701,27801,2689,14626,2013-10-15T08:16:40,2023-04-24T10:42:17,2023-04-26T09:29:17,https://webtorrent.io,JavaScript,1570,88,875,13,2023-04-03T11:21:48,7b3ef469ce589a378cdc93f7893ac48a9d074fff
pcottle/learngitbranching,learngitbranching,https://github.com/pcottle/learngitbranching.git,false,2773,20,main,0,253,MIT License,533,27637,5562,41410,2012-08-13T10:36:09,2023-05-20T03:39:39,2023-05-31T08:17:13,https://pcottle.github.io/learnGitBranching/,JavaScript,446,23,596,1,2023-05-20T03:39:39,80b6937c3fe905af078c57f0f2776878797e5b14
sortablejs/sortable,sortable,https://github.com/sortablejs/sortable.git,false,1080,24,master,24,136,MIT License,411,26754,3609,2403,2013-12-19T10:10:13,2023-04-28T06:05:01,2023-05-01T07:14:15,https://sortablejs.github.io/Sortable/,JavaScript,1694,402,492,25,2023-04-28T06:05:01,7af63fdc5d7512e7f0b8abb10970d473521b31a5
parallax/jspdf,jspdf,https://github.com/parallax/jspdf.git,false,2267,276,master,32,177,MIT License,478,26512,4501,108123,2009-12-06T02:56:32,2023-05-12T02:35:22,2023-05-18T09:50:16,https://parall.ax/products/jspdf,JavaScript,2348,129,1230,37,2023-04-15T01:44:08,5d09af9135a2fe049c7d3c8b95df280d22e4a6db
codemirror/codemirror5,codemirror5,https://github.com/codemirror/codemirror5.git,false,7142,7,master,168,413,MIT License,653,25839,4994,19138,2011-01-14T01:44:03,2023-04-27T08:30:38,2023-05-01T11:10:34,http://codemirror.net/5/,JavaScript,4144,390,2867,26,2023-03-16T05:03:27,9974ded36bf01746eb2a00926916fef834d3d0d0
select2/select2,select2,https://github.com/select2/select2.git,false,2654,6,develop,29,403,MIT License,727,25612,6377,13998,2012-03-04T06:43:12,2023-05-27T01:25:09,2023-05-31T06:55:37,https://select2.org/,JavaScript,4759,80,1492,21,2023-03-10T02:35:43,4de1d236e602149a5c78d35899b49b3989b94107
modernizr/modernizr,modernizr,https://github.com/modernizr/modernizr.git,false,2613,9,master,25,276,MIT License,908,25442,3047,19310,2009-09-25T08:13:23,2023-04-03T08:38:37,2023-04-16T03:18:38,https://www.npmjs.com/package/modernizr,JavaScript,1483,166,1221,26,2023-04-03T08:38:37,f1b57789747767db3eca410a7c7334f1904f4f37
lovell/sharp,sharp,https://github.com/lovell/sharp.git,false,1848,2,main,57,180,Apache License 2.0,232,25344,1236,48252,2013-08-19T08:24:24,2023-05-20T11:15:31,2023-05-31T08:35:06,https://sharp.pixelplumbing.com,JavaScript,3306,110,373,3,2023-05-16T12:55:28,3340120aeaf10811eeae97f524281ba86d78a453
remy/nodemon,nodemon,https://github.com/remy/nodemon.git,false,1289,51,main,88,155,MIT License,262,25267,1716,2443,2010-10-03T12:50:52,2023-06-01T12:15:43,2023-06-06T12:16:13,http://nodemon.io/,JavaScript,1592,5,511,7,2023-05-26T10:21:20,ddbc630f397546af829482199ea25f635a4d16be
tj/commander.js,commander.js,https://github.com/tj/commander.js.git,false,1201,11,master,73,159,MIT License,234,24749,1724,3172,2011-08-14T09:33:58,2023-05-27T06:31:12,2023-05-31T08:04:38,,JavaScript,974,8,903,1,2023-04-15T05:00:07,33195f189b1ffa568c232503fb6ac0cf5548eb74
fabricjs/fabric.js,fabric.js,https://github.com/fabricjs/fabric.js.git,false,4672,194,master,122,261,Other,471,24638,3251,168433,2010-06-09T10:24:38,2023-04-23T05:11:19,2023-04-26T02:08:20,http://fabricjs.com,JavaScript,5665,273,2525,77,2023-04-19T12:43:56,96821ca26d5c2dd34df68593a198693853ea26cc
swagger-api/swagger-ui,swagger-ui,https://github.com/swagger-api/swagger-ui.git,false,5620,21,master,273,391,Apache License 2.0,656,23877,8680,465508,2011-07-15T10:56:39,2023-05-16T01:33:05,2023-05-19T08:16:41,https://swagger.io,JavaScript,5107,913,3410,48,2023-05-16T12:04:32,26709c3ea66de3632245dc5bb753c4327853d66b
ramda/ramda,ramda,https://github.com/ramda/ramda.git,false,2988,2,master,27,295,MIT License,272,23011,1463,8492,2013-06-21T08:32:35,2023-05-16T02:33:18,2023-05-29T06:29:51,https://ramdajs.com,JavaScript,1603,133,1735,25,2023-05-16T02:33:18,9c2310c6854727c299391e4c91098c402401840c
balderdashy/sails,sails,https://github.com/balderdashy/sails.git,false,7163,79,master,40,226,MIT License,651,22583,1975,13145,2012-03-18T07:46:15,2023-05-19T09:35:57,2023-05-30T04:02:59,https://sailsjs.com,JavaScript,6341,491,927,74,2023-05-19T09:35:57,59b96446404adbb5a0f4debaa83031fd8c54a9cc
eslint/eslint,eslint,https://github.com/eslint/eslint.git,false,8870,54,main,290,424,MIT License,318,22534,4102,38335,2013-06-29T11:59:48,2023-04-13T07:21:24,2023-04-17T03:59:07,https://eslint.org,JavaScript,9570,118,6690,13,2023-04-12T10:12:44,1fea2797801a82a2718814c83dad641dab092bcc
emberjs/ember.js,ember.js,https://github.com/emberjs/ember.js.git,false,22042,59,master,481,343,MIT License,880,22444,4294,77373,2011-05-25T11:39:40,2023-03-29T08:11:16,2023-03-27T10:35:27,https://emberjs.com,JavaScript,6648,374,10099,85,2023-03-22T04:50:05,7c6fec2405516a98a6f59fc31b46056dbeb59d09
zloirock/core-js,core-js,https://github.com/zloirock/core-js.git,false,5157,6,master,223,114,MIT License,250,22188,1627,38972,2013-07-17T04:32:27,2023-04-16T03:19:08,2023-04-17T10:33:40,,JavaScript,877,29,316,7,2023-04-13T05:27:40,46e2a5ca1fbc4a32320df44d74456e8e14dc970c
mochajs/mocha,mocha,https://github.com/mochajs/mocha.git,false,3601,33,master,76,421,MIT License,398,22032,3005,22206,2011-03-07T06:44:25,2023-05-31T03:34:26,2023-06-06T07:43:51,https://mochajs.org,JavaScript,2880,257,2047,39,2023-03-30T07:52:22,37deed262d4bc0788d32c66636495d10038ad398
highlightjs/highlight.js,highlight.js,https://github.com/highlightjs/highlight.js.git,false,6509,11,main,36,421,BSD 3-Clause New or Revised License,302,21521,3470,14497,2011-01-01T11:47:21,2023-05-10T12:18:40,2023-05-18T02:25:50,https://highlightjs.org/,JavaScript,1958,77,1801,13,2023-05-10T12:18:40,38966a8d2883653a1c0b80c5a8aede83e175e9a2
validatorjs/validator.js,validator.js,https://github.com/validatorjs/validator.js.git,false,2205,3,master,10,411,MIT License,229,21333,2154,5429,2010-10-06T06:58:48,2023-05-24T02:32:52,2023-05-31T02:24:07,,JavaScript,994,139,1225,139,2023-03-27T10:04:12,9ba173563c8e2ef674c7aa1b67b283ef75508a3b
postcss/autoprefixer,autoprefixer,https://github.com/postcss/autoprefixer.git,false,2610,4,main,193,178,MIT License,383,20957,1299,8024,2013-03-14T05:04:51,2023-04-21T07:44:25,2023-04-26T02:50:10,https://twitter.com/autoprefixer,JavaScript,1133,34,335,2,2023-03-26T12:38:47,e8b3b7d32bdb733b25175594eb3685f51b3e678d
winstonjs/winston,winston,https://github.com/winstonjs/winston.git,false,1521,11,master,18,336,MIT License,225,20598,1767,3956,2010-12-29T06:49:51,2023-05-29T07:59:14,2023-06-06T08:04:46,http://github.com/winstonjs/winston,JavaScript,1386,419,920,50,2023-05-26T04:20:48,0ed765097dd1f67c7bcaf7e6383f2a3a98e71d9e
websockets/ws,ws,https://github.com/websockets/ws.git,false,1849,6,master,100,172,MIT License,383,19891,2312,11191,2011-11-09T10:32:45,2023-05-24T07:34:12,2023-05-31T03:56:05,,JavaScript,1439,5,687,0,2023-04-25T06:40:37,06728e444d8f54aa5602b51360f4f98794cb1754
hapijs/joi,joi,https://github.com/hapijs/joi.git,false,2409,5,master,0,202,Other,177,19882,1531,9876,2012-09-16T04:38:06,2023-04-25T09:48:57,2023-04-30T01:45:12,,JavaScript,2284,134,656,11,2023-04-25T09:35:31,7ead57a9f8180895e110f010b425ae411451bd08
badges/shields,shields,https://github.com/badges/shields.git,false,6569,37,master,0,441,Creative Commons Zero v1.0 Universal,120,19746,5409,257088,2013-01-30T07:41:54,2023-04-23T04:09:13,2023-04-26T04:35:44,https://shields.io,JavaScript,2342,327,6625,29,2023-04-22T02:14:17,ace1eda4a20dbaf88a07f5185fe8199dfc667edd
svg/svgo,svgo,https://github.com/svg/svgo.git,false,1363,6,main,53,173,MIT License,251,19210,1372,5178,2012-08-22T10:41:43,2023-05-15T05:50:36,2023-05-18T10:49:27,,JavaScript,1148,231,614,52,2023-02-15T10:31:28,73f7002ab614554446e26acf1552c2505448b96f
processing/p5.js,p5.js,https://github.com/processing/p5.js.git,false,10356,4,main,81,355,GNU Lesser General Public License v2.1,496,19209,2875,80794,2013-02-26T03:14:47,2023-04-14T04:36:01,2023-04-17T03:54:05,http://p5js.org/,JavaScript,3434,192,2562,23,2023-04-11T09:21:16,ce285973ce74f01be31383b61d20a174ebb379f6
vuejs/vue-router,vue-router,https://github.com/vuejs/vue-router.git,false,1451,13,dev,90,276,MIT License,517,18996,5181,11752,2013-12-11T07:37:46,2023-05-28T04:20:35,2023-05-31T08:40:46,http://v3.router.vuejs.org/,JavaScript,2826,64,957,44,2023-05-10T07:37:47,7fd51661396b54b587ec120e56fd2bfacb206df6
jsdom/jsdom,jsdom,https://github.com/jsdom/jsdom.git,false,3605,9,master,41,285,MIT License,271,18765,1614,38253,2010-01-19T06:55:19,2023-05-02T11:06:41,2023-05-08T04:58:19,,JavaScript,2162,427,1349,36,2023-05-02T11:06:38,e5b8e8afdebee816862584cb7d45bdc6f86d54af
sboudrias/inquirer.js,inquirer.js,https://github.com/sboudrias/inquirer.js.git,false,1042,5,master,99,169,MIT License,150,17760,1245,3848,2013-05-17T01:41:36,2023-04-23T09:14:54,2023-04-26T04:08:45,,JavaScript,746,222,453,13,2023-04-23T09:14:52,e93c4cb14f0c35ebd1efb065776b90f48899b075
basecamp/trix,trix,https://github.com/basecamp/trix.git,false,2931,15,main,41,49,MIT License,255,17621,1071,5987,2013-08-01T10:21:30,2023-05-18T02:46:54,2023-05-31T08:10:47,https://trix-editor.org/,JavaScript,776,95,275,9,2023-05-18T02:46:54,9fec3fa88d755cc8347431e8ce876ece5ee69a08
knex/knex,knex,https://github.com/knex/knex.git,false,3010,25,master,53,439,MIT License,206,17472,2031,16662,2012-12-29T05:18:25,2023-04-24T10:03:39,2023-04-26T07:25:47,https://knexjs.org/,JavaScript,3541,730,2015,86,2023-04-21T07:19:44,b6d04f75b3c1956be8ffa26740dd1e27909dd25d
handlebars-lang/handlebars.js,handlebars.js,https://github.com/handlebars-lang/handlebars.js.git,false,2026,13,master,0,170,MIT License,457,17201,2091,3918,2010-07-31T06:54:46,2023-05-16T11:30:21,2023-05-29T06:40:14,http://handlebarsjs.com,JavaScript,1345,68,523,18,2023-05-16T11:30:18,b4a54ad86ed73130ac9a7663d2fb66accb360736
statsd/statsd,statsd,https://github.com/statsd/statsd.git,false,1035,8,master,0,188,MIT License,456,17059,2001,834,2010-12-30T12:09:50,2023-05-24T03:45:32,2023-05-31T09:44:21,,JavaScript,277,50,464,37,2023-05-11T04:03:15,51d821790c29bc930814fe64a1b28d8fdc1d8237
less/less.js,less.js,https://github.com/less/less.js.git,false,2972,18,master,34,235,Apache License 2.0,665,16928,3471,16405,2010-02-20T05:25:38,2023-05-12T01:21:41,2023-05-18T03:53:42,http://lesscss.org,JavaScript,2801,160,948,19,2023-04-08T04:27:41,4d3189c05175dfd8aab505ec19c7f5724f145295
node-red/node-red,node-red,https://github.com/node-red/node-red.git,false,8010,105,master,128,178,Apache License 2.0,535,16591,3084,43371,2013-09-05T01:30:47,2023-05-01T05:47:52,2023-05-05T05:15:12,http://nodered.org,JavaScript,2165,264,1951,73,2023-04-28T05:47:25,67dd7e30faf1a6fca07f5b745de75f4ad3036ce4
katex/katex,katex,https://github.com/katex/katex.git,false,2117,29,main,73,141,MIT License,282,16590,1125,86557,2013-07-05T09:01:54,2023-04-28T11:47:02,2023-05-01T06:21:11,https://katex.org,JavaScript,1517,337,2071,32,2023-04-28T11:42:19,24533264c92696635232876946de74e54272136b
hubotio/hubot,hubot,https://github.com/hubotio/hubot.git,false,2186,3,master,12,248,MIT License,606,16441,3945,2558,2011-08-27T08:30:59,2023-05-14T04:06:58,2023-05-18T05:00:42,http://hubot.github.com,JavaScript,792,17,778,4,2023-05-13T04:41:14,3c2cb926c31e31f6ac5f0872e2a1ab02d79b291b
ladjs/superagent,superagent,https://github.com/ladjs/superagent.git,false,1860,1,master,83,223,MIT License,228,16321,1344,6235,2011-04-13T02:29:45,2023-05-13T05:25:19,2023-05-18T11:32:35,https://ladjs.github.io/superagent/,JavaScript,1074,167,661,2,2023-02-18T08:58:13,73c7efb5e9a0cf0409da9918d49b89055be29db5
pouchdb/pouchdb,pouchdb,https://github.com/pouchdb/pouchdb.git,false,4918,1548,master,68,358,Apache License 2.0,277,15723,1460,122296,2010-06-10T06:34:24,2023-05-10T02:50:08,2023-05-18T07:41:53,https://pouchdb.com/,JavaScript,4196,43,4410,29,2023-05-09T04:39:16,8896707fbfb0ba0443bb53af08f59b353c88c427
nodemailer/nodemailer,nodemailer,https://github.com/nodemailer/nodemailer.git,false,1020,10,master,0,115,Other,223,15658,1353,10110,2011-01-19T09:17:36,2023-05-29T07:36:22,2023-06-06T05:35:29,http://nodemailer.com/,JavaScript,1319,6,221,0,2023-05-29T07:36:07,551c7b60052ec7dd08291dc844a8af53215e488e
jasmine/jasmine,jasmine,https://github.com/jasmine/jasmine.git,false,2648,12,main,61,211,,443,15548,2273,9968,2008-12-02T11:46:37,2023-05-18T02:02:34,2023-05-31T07:20:43,http://jasmine.github.io/,JavaScript,1389,21,602,2,2023-05-13T10:14:53,d745d6b5f0a8d31f521c4b1cf66a1e5477fa00e5
riot/riot,riot,https://github.com/riot/riot.git,false,3815,4,main,103,172,Other,395,14785,1014,21395,2013-09-27T05:21:01,2023-05-21T08:47:57,2023-05-31T05:45:48,https://riot.js.org,JavaScript,2176,4,764,0,2023-01-23T09:02:16,2b08ebf8c7fa3f338d24b7320ee7f18c36b7ae74
ether/etherpad-lite,etherpad-lite,https://github.com/ether/etherpad-lite.git,false,8041,188,develop,38,257,Apache License 2.0,360,14323,2540,34501,2011-03-26T01:09:02,2023-05-18T11:03:57,2023-05-31T05:46:04,https://etherpad.org,JavaScript,2964,143,2663,34,2023-05-18T11:03:56,e7c8bd5640664ee9994738357dab65830d5ec1a8
hapijs/hapi,hapi,https://github.com/hapijs/hapi.git,false,5738,9,master,13,198,Other,417,14253,1380,17089,2011-08-06T12:35:39,2023-04-24T10:09:36,2023-05-01T07:38:28,https://hapi.dev,JavaScript,3097,40,1329,6,2023-04-24T10:09:20,c674578ef97457cff21a747415bb5920e59f6355
thomaspark/bootswatch,bootswatch,https://github.com/thomaspark/bootswatch.git,false,2216,5,v5,0,87,MIT License,491,14094,3688,79848,2012-02-07T04:31:56,2023-04-17T05:35:49,2023-04-25T07:11:41,https://bootswatch.com,JavaScript,862,36,377,1,2023-04-17T05:35:45,29f2e6610ae21f5a3d1ede4e12baa23ae29d02ca
optimalbits/bull,bull,https://github.com/optimalbits/bull.git,false,2135,70,develop,60,201,Other,113,14044,1456,3817,2013-06-27T02:35:35,2023-05-31T12:58:03,2023-06-06T07:33:23,,JavaScript,1761,167,684,9,2023-05-30T02:35:57,bae6427ce9d9fac26b198402068bd84647fd8208
jsdoc/jsdoc,jsdoc,https://github.com/jsdoc/jsdoc.git,false,2537,10,main,11,80,Apache License 2.0,270,13796,1479,24217,2010-03-13T09:18:03,2023-05-14T12:48:34,2023-05-19T12:05:21,https://jsdoc.app/,JavaScript,1574,399,460,47,2023-05-13T11:46:02,e1e75a9c4ee73f1279a975a9722c281d55dd8e28
paperjs/paper.js,paper.js,https://github.com/paperjs/paper.js.git,false,7397,15,develop,25,71,Other,402,13660,1214,91875,2011-02-07T06:21:30,2023-04-22T07:56:20,2023-04-26T12:21:59,http://paperjs.org,JavaScript,1606,336,414,52,2023-04-12T11:11:10,ea3d8a1d3e30daac041f3570c168f2a0681df49b
josdejong/mathjs,mathjs,https://github.com/josdejong/mathjs.git,false,4896,12,develop,0,187,Apache License 2.0,224,13219,1203,82782,2013-02-15T07:46:01,2023-05-16T09:26:29,2023-05-19T07:50:38,https://mathjs.org,JavaScript,1567,161,1162,29,2023-05-16T09:26:10,863780af234ccd8aeeb0f761f4825af20a96e0b4
rwaldron/johnny-five,johnny-five,https://github.com/rwaldron/johnny-five.git,false,3368,17,main,74,130,Other,456,13019,1787,95042,2012-03-30T08:09:52,2023-05-27T04:10:00,2023-05-31T07:35:23,http://johnny-five.io,JavaScript,1150,42,632,5,2023-03-23T01:19:01,094bf6cceb8b9ec424306da8e98308ebd6fa2252
webrtc/samples,samples,https://github.com/webrtc/samples.git,false,2623,32,gh-pages,0,92,BSD 3-Clause New or Revised License,635,12835,5725,18292,2013-09-20T10:40:23,2023-05-04T10:12:59,2023-05-08T06:50:12,https://webrtc.github.io/samples,JavaScript,632,27,970,7,2023-05-04T10:12:59,555d697e755f6c02b1a7abd99a0c73d32a9decb4
uxsolutions/bootstrap-datepicker,bootstrap-datepicker,https://github.com/uxsolutions/bootstrap-datepicker.git,false,1680,9,master,19,313,Apache License 2.0,454,12589,6204,6017,2012-03-17T01:11:40,2023-05-13T07:29:25,2023-05-17T07:21:09,,JavaScript,1752,774,930,99,2023-05-13T07:28:23,722dc29432e89e048e5677b51fb4cfd8bbdab13c
systemjs/systemjs,systemjs,https://github.com/systemjs/systemjs.git,false,2239,5,main,193,112,MIT License,261,12519,1138,10833,2013-05-14T08:45:48,2023-03-21T03:25:47,2023-03-29T06:57:12,,JavaScript,1970,47,473,4,2023-03-21T03:25:34,5019edad0456cee70228dff54771d5785bb4b35f
mishoo/uglifyjs,uglifyjs,https://github.com/mishoo/uglifyjs.git,false,3322,3,master,275,116,Other,274,12427,1257,18247,2012-08-27T09:31:03,2023-01-16T01:30:59,2023-02-07T02:11:19,http://lisperator.net/uglifyjs/,JavaScript,2828,26,2944,11,2023-01-16T01:30:59,f0ca9cfbe65efc919149e7cd74cedd186d6413ee
googlechrome/chrome-extensions-samples,chrome-extensions-samples,https://github.com/googlechrome/chrome-extensions-samples.git,false,1522,29,main,0,113,Apache License 2.0,662,12208,7211,53993,2012-06-13T12:30:44,2023-05-04T07:27:01,2023-05-09T06:58:48,https://developer.chrome.com/extensions,JavaScript,362,50,457,23,2023-05-04T07:27:01,50fe8517954371c19d0c042c616887d24c17e167
gruntjs/grunt,grunt,https://github.com/gruntjs/grunt.git,false,1527,25,main,12,72,Other,490,12185,1540,2808,2011-09-21T03:16:20,2023-05-28T12:17:05,2023-05-31T10:19:57,http://gruntjs.com/,JavaScript,1251,144,495,14,2023-05-28T12:17:05,238df78776e42680dc8a42a5342aaa05f49fbcb6
nock/nock,nock,https://github.com/nock/nock.git,false,2097,8,main,137,234,MIT License,94,12153,788,8562,2011-09-22T10:08:03,2023-05-09T04:02:56,2023-05-18T06:23:40,,JavaScript,1049,55,1390,21,2023-05-02T04:55:19,76a8df2562536a583c60872665172cc4d965994b
reactioncommerce/reaction,reaction,https://github.com/reactioncommerce/reaction.git,false,21208,120,trunk,205,168,GNU General Public License v3.0,431,12004,2162,112340,2013-09-18T03:30:36,2023-05-29T07:42:16,2023-05-31T11:18:13,https://mailchimp.com/developer/open-commerce/,JavaScript,3551,86,3123,21,2023-03-28T12:25:36,ecb8ef62d8312ed62cb05da64bec1a86fe0b188d
browsersync/browser-sync,browser-sync,https://github.com/browsersync/browser-sync.git,false,2092,34,master,37,88,Apache License 2.0,251,11968,786,14064,2013-10-12T07:35:45,2023-05-24T01:13:57,2023-05-29T07:24:46,,JavaScript,1686,537,341,26,2023-05-17T07:09:17,b2441b11b14a01880464ed4a0c2e1abb33c7a882
karma-runner/karma,karma,https://github.com/karma-runner/karma.git,false,2843,2,master,172,341,MIT License,320,11850,1772,9912,2011-10-12T07:55:46,2023-05-16T09:14:07,2023-05-28T12:57:25,http://karma-runner.github.io,JavaScript,2038,333,1803,18,2023-04-27T06:35:48,450fdfdac5b999967daec1020f1ac69cf9b854ab
wenzhixin/bootstrap-table,bootstrap-table,https://github.com/wenzhixin/bootstrap-table.git,false,4873,17,develop,20,280,MIT License,491,11494,4513,31764,2013-08-20T03:34:15,2023-04-13T09:58:22,2023-04-14T05:14:07,https://bootstrap-table.com/,JavaScript,5027,197,1709,9,2023-04-05T09:07:00,8eb2c231f23ab078a2ce59aeff3088102877bda2
nightwatchjs/nightwatch,nightwatch,https://github.com/nightwatchjs/nightwatch.git,false,2613,10,main,219,109,MIT License,261,11362,1116,53648,2012-03-17T09:28:18,2023-05-08T05:50:31,2023-05-02T08:03:39,https://nightwatchjs.org,JavaScript,2620,186,837,29,2023-05-04T08:30:33,187835f2cd3839f074c0e58f093d9993e42053f1
shipshapecode/shepherd,shepherd,https://github.com/shipshapecode/shepherd.git,false,2417,10,master,128,93,MIT License,102,11205,612,30926,2013-12-17T06:30:27,2023-05-29T11:14:39,2023-05-30T06:53:14,https://shepherdjs.dev/,JavaScript,529,37,1814,8,2023-05-29T11:14:38,ad1141586689e43c0a40048d3c624d1a2d0d79cb
gildas-lormeau/singlefile,singlefile,https://github.com/gildas-lormeau/singlefile.git,false,7244,1,master,19,30,GNU Affero General Public License v3.0,112,11200,803,338382,2010-09-12T11:50:21,2023-05-17T09:32:51,2023-05-29T08:20:34,,JavaScript,867,66,178,2,2023-05-17T09:32:47,0bca0227851348ef9bbaec780e88deb32b1cc03d
brianc/node-postgres,node-postgres,https://github.com/brianc/node-postgres.git,false,2619,39,master,0,257,MIT License,185,11148,1180,3860,2010-10-15T11:05:50,2023-05-06T06:47:46,2023-05-09T01:50:17,https://node-postgres.com,JavaScript,2143,380,822,51,2023-05-02T12:55:59,249182ea9fc1d0f3d73ecd5b67b5f2fde2ceab4f
jquery/jquery-ui,jquery-ui,https://github.com/jquery/jquery-ui.git,false,7294,9,main,3,329,Other,649,11128,5374,28214,2010-01-19T02:40:34,2023-05-11T10:48:57,2023-05-18T01:22:26,https://jqueryui.com,JavaScript,114,58,2017,39,2023-05-11T10:48:38,1be45388176080418aef84f3c98fda2c10fcdc42
summernote/summernote,summernote,https://github.com/summernote/summernote.git,false,3541,7,develop,60,298,MIT License,301,11121,2225,18920,2013-04-27T04:59:48,2023-05-17T09:37:34,2023-05-29T06:42:13,https://summernote.org,JavaScript,3358,32,1110,4,2023-03-25T09:39:53,9b33ce6e661b67d7963fb991739d05f8d8b9aefc
stylus/stylus,stylus,https://github.com/stylus/stylus.git,false,4107,11,dev,9,179,MIT License,343,11083,1150,7257,2010-12-28T10:11:43,2023-05-22T08:56:58,2023-05-28T11:24:00,https://stylus-lang.com,JavaScript,2022,236,717,21,2023-05-11T09:53:56,21f048d893baa85772920caa6e55cb85f3df05db
spencermountain/compromise,compromise,https://github.com/spencermountain/compromise.git,false,5777,3,master,63,91,MIT License,166,10706,677,55374,2011-07-05T09:04:38,2023-05-09T06:15:25,2023-05-18T08:52:29,http://compromise.cool,JavaScript,635,81,351,0,2023-05-07T05:13:06,2a02326f2ac4f45fb2067895c82681931f78d5de
restify/node-restify,node-restify,https://github.com/restify/node-restify.git,false,1723,76,master,11,190,MIT License,244,10608,1022,4410,2011-04-25T09:19:26,2023-05-16T10:26:04,2023-05-28T08:02:17,http://restify.com,JavaScript,1101,92,854,17,2023-04-12T09:57:53,89e7ac81a4cc885d153df6f07d5cf35ed75fd4d0
adambard/learnxinyminutes-docs,learnxinyminutes-docs,https://github.com/adambard/learnxinyminutes-docs.git,false,8966,4,master,0,366,Other,264,10607,3164,25606,2013-06-26T05:58:34,2023-05-29T01:16:34,2023-05-31T08:23:57,https://learnxinyminutes.com/,JavaScript,752,144,3882,188,2023-05-26T09:26:14,c6f6dac5f8f9af8a674ae6ce19849a865fdf3388
yargs/yargs,yargs,https://github.com/yargs/yargs.git,false,1817,77,main,56,267,MIT License,78,10473,1044,5022,2013-11-07T05:25:51,2023-05-23T04:40:38,2023-05-31T04:56:29,https://yargs.js.org/,JavaScript,1209,292,1097,11,2023-05-01T03:09:39,e517318cea0087b813f5de414b3cdec7b70efe33
vega/vega,vega,https://github.com/vega/vega.git,false,6367,51,main,137,126,BSD 3-Clause New or Revised License,279,10414,1479,98328,2013-02-03T06:36:30,2023-05-10T08:39:16,2023-05-18T12:04:37,https://vega.github.io/vega,JavaScript,1861,410,1867,28,2023-05-10T08:37:45,b45cf431cd6c0d0c0e1567f087f9b3b55bc236fa
josdejong/jsoneditor,jsoneditor,https://github.com/josdejong/jsoneditor.git,false,1705,5,develop,0,84,Apache License 2.0,230,10342,1986,55478,2012-04-19T01:05:41,2023-05-15T07:57:28,2023-05-18T07:09:45,http://jsoneditoronline.org,JavaScript,1020,194,485,16,2023-05-15T07:54:50,2ab36caf14224c899678b5eb266892384df59dd6
svgdotjs/svg.js,svg.js,https://github.com/svgdotjs/svg.js.git,false,1473,4,master,32,72,Other,274,10270,1071,11118,2012-12-15T10:26:54,2023-05-10T07:59:25,2023-05-18T11:28:42,https://svgjs.dev,JavaScript,1044,100,254,7,2023-05-10T07:59:25,b4636e04038897e3deefff9e680ed52de283ff02
naturalnode/natural,natural,https://github.com/naturalnode/natural.git,false,1411,30,master,40,117,MIT License,247,10208,882,13978,2011-05-07T02:35:16,2023-05-29T05:57:16,2023-06-06T08:34:46,,JavaScript,354,83,329,1,2023-05-29T05:51:03,c2389f2a17faae9582a1a0f41402c68407ccb378
fredriknoren/ungit,ungit,https://github.com/fredriknoren/ungit.git,false,3946,10,master,24,87,MIT License,247,10199,673,21313,2013-05-19T10:44:44,2023-05-09T12:20:51,2023-05-05T06:25:23,,JavaScript,799,196,759,21,2023-04-11T12:07:49,9c719c1ff21220d2a03025e94ea46b67f443ca29
paulmillr/chokidar,chokidar,https://github.com/paulmillr/chokidar.git,false,1579,5,master,13,100,MIT License,91,9937,590,1707,2012-04-20T07:17:49,2023-05-26T12:14:47,2023-05-30T10:28:47,https://paulmillr.com,JavaScript,904,109,354,10,2023-05-26T12:14:42,08318d62f1fa731122d2b8853400f1b3252db8c9
novnc/novnc,novnc,https://github.com/novnc/novnc.git,false,2344,4,master,13,122,Other,306,9816,2034,10347,2010-04-07T01:55:44,2023-05-11T10:20:44,2023-05-18T12:14:42,https://novnc.com,JavaScript,1236,56,527,12,2023-05-11T10:20:18,c2d6a06d6df7dcc5cda9567181c685cd1b84d750
